Workbook

Sheet cek
A1: bulan (yyyymm) | B1: supplier | C1: unit | D1: NG | E1: NG rate | F1: ranking (1 = NG rate tertinggi)
A2: 202606 | B2: SUP-A | C2: =SUMIFS(pemakaian!$C$2:$C$3585,pemakaian!$E$2:$E$3585,B2,pemakaian!$F$2:$F$3585,A2) -> 14756 | D2: =SUMIFS(pemakaian!$D$2:$D$3585,pemakaian!$E$2:$E$3585,B2,pemakaian!$F$2:$F$3585,A2) -> 171 | E2: =D2/C2 -> 0.011588506 | F2: =1+COUNTIF($E$2:$E$6,">"&E2) -> 4
A3: 202606 | B3: SUP-B | C3: =SUMIFS(pemakaian!$C$2:$C$3585,pemakaian!$E$2:$E$3585,B3,pemakaian!$F$2:$F$3585,A3) -> 3485 | D3: =SUMIFS(pemakaian!$D$2:$D$3585,pemakaian!$E$2:$E$3585,B3,pemakaian!$F$2:$F$3585,A3) -> 77 | E3: =D3/C3 -> 0.022094692 | F3: =1+COUNTIF($E$2:$E$6,">"&E3) -> 2
A4: 202606 | B4: SUP-C | C4: =SUMIFS(pemakaian!$C$2:$C$3585,pemakaian!$E$2:$E$3585,B4,pemakaian!$F$2:$F$3585,A4) -> 20255 | D4: =SUMIFS(pemakaian!$D$2:$D$3585,pemakaian!$E$2:$E$3585,B4,pemakaian!$F$2:$F$3585,A4) -> 816 | E4: =D4/C4 -> 0.040286349 | F4: =1+COUNTIF($E$2:$E$6,">"&E4) -> 1
A5: 202606 | B5: SUP-D | C5: =SUMIFS(pemakaian!$C$2:$C$3585,pemakaian!$E$2:$E$3585,B5,pemakaian!$F$2:$F$3585,A5) -> 23908 | D5: =SUMIFS(pemakaian!$D$2:$D$3585,pemakaian!$E$2:$E$3585,B5,pemakaian!$F$2:$F$3585,A5) -> 357 | E5: =D5/C5 -> 0.01493224 | F5: =1+COUNTIF($E$2:$E$6,">"&E5) -> 3
A6: 202606 | B6: SUP-E | C6: =SUMIFS(pemakaian!$C$2:$C$3585,pemakaian!$E$2:$E$3585,B6,pemakaian!$F$2:$F$3585,A6) -> 27240 | D6: =SUMIFS(pemakaian!$D$2:$D$3585,pemakaian!$E$2:$E$3585,B6,pemakaian!$F$2:$F$3585,A6) -> 308 | E6: =D6/C6 -> 0.011306902 | F6: =1+COUNTIF($E$2:$E$6,">"&E6) -> 5
A7: 202608 | B7: SUP-A | C7: =SUMIFS(pemakaian!$C$2:$C$3585,pemakaian!$E$2:$E$3585,B7,pemakaian!$F$2:$F$3585,A7) -> 10998 | D7: =SUMIFS(pemakaian!$D$2:$D$3585,pemakaian!$E$2:$E$3585,B7,pemakaian!$F$2:$F$3585,A7) -> 376 | E7: =D7/C7 -> 0.034188034 | F7: =1+COUNTIF($E$7:$E$11,">"&E7) -> 2
A8: 202608 | B8: SUP-B | C8: =SUMIFS(pemakaian!$C$2:$C$3585,pemakaian!$E$2:$E$3585,B8,pemakaian!$F$2:$F$3585,A8) -> 1036 | D8: =SUMIFS(pemakaian!$D$2:$D$3585,pemakaian!$E$2:$E$3585,B8,pemakaian!$F$2:$F$3585,A8) -> 10 | E8: =D8/C8 -> 0.0096525097 | F8: =1+COUNTIF($E$7:$E$11,">"&E8) -> 4
A9: 202608 | B9: SUP-C | C9: =SUMIFS(pemakaian!$C$2:$C$3585,pemakaian!$E$2:$E$3585,B9,pemakaian!$F$2:$F$3585,A9) -> 11874 | D9: =SUMIFS(pemakaian!$D$2:$D$3585,pemakaian!$E$2:$E$3585,B9,pemakaian!$F$2:$F$3585,A9) -> 407 | E9: =D9/C9 -> 0.034276571 | F9: =1+COUNTIF($E$7:$E$11,">"&E9) -> 1
A10: 202608 | B10: SUP-D | C10: =SUMIFS(pemakaian!$C$2:$C$3585,pemakaian!$E$2:$E$3585,B10,pemakaian!$F$2:$F$3585,A10) -> 20830 | D10: =SUMIFS(pemakaian!$D$2:$D$3585,pemakaian!$E$2:$E$3585,B10,pemakaian!$F$2:$F$3585,A10) -> 195 | E10: =D10/C10 -> 0.0093614978 | F10: =1+COUNTIF($E$7:$E$11,">"&E10) -> 5
A11: 202608 | B11: SUP-E | C11: =SUMIFS(pemakaian!$C$2:$C$3585,pemakaian!$E$2:$E$3585,B11,pemakaian!$F$2:$F$3585,A11) -> 18324 | D11: =SUMIFS(pemakaian!$D$2:$D$3585,pemakaian!$E$2:$E$3585,B11,pemakaian!$F$2:$F$3585,A11) -> 195 | E11: =D11/C11 -> 0.010641781 | F11: =1+COUNTIF($E$7:$E$11,">"&E11) -> 3

Sheet lot
A1: lot_code | B1: supplier_code
A2: L-003D | B2: SUP-D
A3: L-005D | B3: SUP-C
A4: L-008B | B4: SUP-E
A5: L-00A8 | B5: SUP-C
A6: L-0154 | B6: SUP-E
A7: L-01AD | B7: SUP-D
A8: L-01B7 | B8: SUP-A
A9: L-01E3 | B9: SUP-E
A10: L-022A | B10: SUP-E
A11: L-022C | B11: SUP-D
A12: L-025D | B12: SUP-D
... A1201: L-FFDC | B1201: SUP-A

Sheet pemakaian
A1: tanggal | B1: lot_code | C1: input_qty | D1: ng_qty | E1: supplier | F1: bulan
A2: 46084 | B2: L-025D | C2: 214 | D2: 1 | E2: =INDEX(lot!$B$2:$B$1201,MATCH(B2,lot!$A$2:$A$1201,0)) -> SUP-D | F2: =YEAR(A2)*100+MONTH(A2) -> 202603
A3: 46084 | B3: L-025D | C3: 184 | D3: 1 | E3: =INDEX(lot!$B$2:$B$1201,MATCH(B3,lot!$A$2:$A$1201,0)) -> SUP-D | F3: =YEAR(A3)*100+MONTH(A3) -> 202603
A4: 46084 | B4: L-1AD2 | C4: 71 | D4: 1 | E4: =INDEX(lot!$B$2:$B$1201,MATCH(B4,lot!$A$2:$A$1201,0)) -> SUP-E | F4: =YEAR(A4)*100+MONTH(A4) -> 202603
A5: 46084 | B5: L-2409 | C5: 102 | D5: 1 | E5: =INDEX(lot!$B$2:$B$1201,MATCH(B5,lot!$A$2:$A$1201,0)) -> SUP-D | F5: =YEAR(A5)*100+MONTH(A5) -> 202603
A6: 46084 | B6: L-2409 | C6: 183 | D6: 1 | E6: =INDEX(lot!$B$2:$B$1201,MATCH(B6,lot!$A$2:$A$1201,0)) -> SUP-D | F6: =YEAR(A6)*100+MONTH(A6) -> 202603
A7: 46084 | B7: L-4040 | C7: 163 | D7: 1 | E7: =INDEX(lot!$B$2:$B$1201,MATCH(B7,lot!$A$2:$A$1201,0)) -> SUP-B | F7: =YEAR(A7)*100+MONTH(A7) -> 202603
A8: 46084 | B8: L-4040 | C8: 70 | D8: 0 | E8: =INDEX(lot!$B$2:$B$1201,MATCH(B8,lot!$A$2:$A$1201,0)) -> SUP-B | F8: =YEAR(A8)*100+MONTH(A8) -> 202603
A9: 46084 | B9: L-4F20 | C9: 139 | D9: 2 | E9: =INDEX(lot!$B$2:$B$1201,MATCH(B9,lot!$A$2:$A$1201,0)) -> SUP-D | F9: =YEAR(A9)*100+MONTH(A9) -> 202603
A10: 46084 | B10: L-4F20 | C10: 225 | D10: 2 | E10: =INDEX(lot!$B$2:$B$1201,MATCH(B10,lot!$A$2:$A$1201,0)) -> SUP-D | F10: =YEAR(A10)*100+MONTH(A10) -> 202603
A11: 46084 | B11: L-7EF4 | C11: 76 | D11: 0 | E11: =INDEX(lot!$B$2:$B$1201,MATCH(B11,lot!$A$2:$A$1201,0)) -> SUP-E | F11: =YEAR(A11)*100+MONTH(A11) -> 202603
A12: 46084 | B12: L-A1F1 | C12: 137 | D12: 1 | E12: =INDEX(lot!$B$2:$B$1201,MATCH(B12,lot!$A$2:$A$1201,0)) -> SUP-E | F12: =YEAR(A12)*100+MONTH(A12) -> 202603
A13: 46084 | B13: L-A6B7 | C13: 94 | D13: 1 | E13: =INDEX(lot!$B$2:$B$1201,MATCH(B13,lot!$A$2:$A$1201,0)) -> SUP-A | F13: =YEAR(A13)*100+MONTH(A13) -> 202603
... A3585: 46259 | B3585: L-E902 | C3585: 85 | D3585: 1 | E3585: =INDEX(lot!$B$2:$B$1201,MATCH(B3585,lot!$A$2:$A$1201,0)) -> SUP-D | F3585: =YEAR(A3585)*100+MONTH(A3585) -> 202608
